Transaction_ID,	Date,	Customer_ID,	Gender,	Age,	Product_Category,	Quantity,	Price_per_Unit,	Total_Amount
1	25-02-2023	CUST091	Male	58	Beauty	5	300	1500
2	09-08-2023	CUST123	Female	18	Clothing	1	500	500
3	17-09-2023	CUST139	Male	37	Beauty	5	1500	7500
4	27-01-2023	CUST002	Female	42	Beauty	5	250	1250
5	11-03-2023	CUST120	Male	19	Clothing	5	200	1000
6	25-09-2023	CUST029	Female	58	Clothing	3	100	300
7	06-09-2023	CUST129	Male	51	Beauty	1	100	100
8	19-07-2023	CUST024	Male	56	Electronics	3	100	300
9	22-03-2023	CUST014	Male	39	Electronics	1	150	150
10	28-02-2023	CUST122	Female	38	Clothing	1	1000	1000
11	23-09-2023	CUST147	Male	47	Clothing	4	500	2000
12	28-10-2023	CUST103	Male	50	Electronics	4	250	1000
13	01-07-2023	CUST072	Female	18	Clothing	2	1500	3000
14	24-03-2023	CUST142	Female	27	Beauty	2	200	400
15	03-12-2023	CUST183	Female	18	Clothing	4	800	3200
16	04-02-2023	CUST083	Male	48	Clothing	5	300	1500
17	26-03-2023	CUST122	Female	23	Electronics	5	100	500
18	14-12-2023	CUST168	Female	41	Beauty	4	800	3200
19	11-06-2023	CUST065	Female	45	Clothing	4	150	600
20	07-05-2023	CUST085	Male	29	Clothing	5	150	750
21	07-02-2023	CUST172	Male	60	Beauty	2	1000	2000
22	18-09-2023	CUST161	Male	39	Beauty	2	1000	2000
23	25-05-2023	CUST035	Male	54	Clothing	1	1500	1500
24	04-05-2023	CUST147	Female	33	Clothing	4	1000	4000
25	27-09-2023	CUST017	Male	29	Electronics	5	150	750
26	29-04-2023	CUST193	Male	59	Beauty	3	100	300
27	14-04-2023	CUST022	Male	26	Electronics	1	250	250
28	07-01-2023	CUST091	Male	27	Electronics	4	50	200
29	14-03-2023	CUST035	Male	33	Electronics	3	1000	3000
30	04-10-2023	CUST108	Male	42	Electronics	3	250	750
31	18-04-2023	CUST065	Male	42	Electronics	3	1000	3000
32	13-06-2023	CUST083	Female	40	Electronics	1	1000	1000
33	14-12-2023	CUST173	Male	19	Clothing	2	1500	3000
34	13-05-2023	CUST054	Female	38	Electronics	2	200	400
35	14-03-2023	CUST103	Female	33	Clothing	5	800	4000
36	13-04-2023	CUST150	Male	49	Beauty	3	800	2400
37	12-10-2023	CUST079	Male	60	Clothing	3	300	900
38	16-03-2023	CUST195	Female	37	Clothing	2	250	500
39	28-02-2023	CUST079	Female	35	Electronics	4	500	2000
40	02-09-2023	CUST010	Male	47	Beauty	3	800	2400
41	24-06-2023	CUST089	Male	39	Beauty	3	250	750
42	12-08-2023	CUST104	Female	36	Electronics	4	150	600
43	18-01-2023	CUST088	Male	39	Electronics	5	200	1000
44	12-02-2023	CUST068	Female	18	Beauty	3	1000	3000
45	30-06-2023	CUST088	Female	31	Clothing	1	300	300
46	14-04-2023	CUST151	Female	26	Clothing	5	100	500
47	19-06-2023	CUST187	Female	46	Beauty	4	1500	6000
48	21-02-2023	CUST197	Male	60	Clothing	1	200	200
49	13-03-2023	CUST184	Female	60	Electronics	5	500	2500
50	27-08-2023	CUST160	Male	40	Electronics	1	1500	1500
51	13-01-2023	CUST120	Female	21	Clothing	3	1000	3000
52	02-03-2023	CUST165	Male	51	Clothing	5	200	1000
53	22-01-2023	CUST058	Female	41	Electronics	2	50	100
54	20-11-2023	CUST067	Female	58	Electronics	4	50	200
55	20-06-2023	CUST186	Female	29	Electronics	4	500	2000
56	21-07-2023	CUST042	Male	43	Beauty	4	300	1200
57	07-12-2023	CUST147	Male	33	Clothing	1	50	50
58	25-09-2023	CUST073	Female	51	Electronics	4	1500	6000
59	20-03-2023	CUST067	Male	55	Beauty	4	300	1200
60	03-05-2023	CUST162	Male	48	Beauty	2	1500	3000
61	17-07-2023	CUST119	Male	46	Beauty	2	800	1600
62	07-12-2023	CUST184	Female	46	Beauty	4	800	3200
63	22-02-2023	CUST055	Female	40	Clothing	3	100	300
64	11-11-2023	CUST020	Female	33	Beauty	5	500	2500
65	14-09-2023	CUST064	Male	53	Beauty	3	50	150
66	23-06-2023	CUST175	Female	26	Electronics	4	800	3200
67	19-12-2023	CUST103	Female	32	Beauty	1	150	150
68	21-11-2023	CUST163	Female	59	Beauty	5	800	4000
69	30-06-2023	CUST020	Male	21	Clothing	2	800	1600
70	27-05-2023	CUST128	Female	59	Clothing	1	1000	1000
71	05-10-2023	CUST003	Female	36	Clothing	2	800	1600
72	26-07-2023	CUST059	Female	35	Clothing	3	150	450
73	25-10-2023	CUST198	Male	51	Beauty	2	200	400
74	06-06-2023	CUST070	Male	45	Clothing	5	50	250
75	28-01-2023	CUST022	Male	34	Clothing	2	1000	2000
76	02-05-2023	CUST091	Female	19	Clothing	5	300	1500
77	12-10-2023	CUST149	Female	39	Electronics	5	500	2500
78	21-12-2023	CUST105	Male	39	Beauty	2	1000	2000
79	18-10-2023	CUST015	Female	37	Electronics	5	50	250
80	26-03-2023	CUST030	Female	52	Clothing	5	800	4000
81	07-01-2023	CUST051	Male	32	Electronics	4	100	400
82	11-10-2023	CUST165	Male	24	Clothing	4	200	800
83	26-01-2023	CUST139	Male	40	Clothing	5	500	2500
84	20-12-2023	CUST103	Male	45	Electronics	3	250	750
85	19-02-2023	CUST041	Female	41	Clothing	4	800	3200
86	07-09-2023	CUST049	Female	40	Clothing	5	150	750
87	03-06-2023	CUST157	Male	34	Clothing	4	1500	6000
88	14-04-2023	CUST162	Female	54	Clothing	3	150	450
89	29-05-2023	CUST103	Male	22	Clothing	5	200	1000
90	11-12-2023	CUST010	Male	57	Clothing	3	300	900
91	11-08-2023	CUST067	Male	33	Electronics	1	50	50
92	18-10-2023	CUST178	Female	19	Electronics	3	100	300
93	27-06-2023	CUST127	Female	42	Beauty	1	200	200
94	02-12-2023	CUST077	Female	19	Beauty	3	1500	4500
95	21-05-2023	CUST094	Male	35	Clothing	3	300	900
96	28-05-2023	CUST072	Female	55	Beauty	4	300	1200
97	19-05-2023	CUST045	Female	23	Electronics	3	1500	4500
98	30-07-2023	CUST181	Male	19	Electronics	2	1000	2000
99	24-05-2023	CUST146	Male	27	Clothing	3	1000	3000
100	24-08-2023	CUST055	Female	52	Electronics	5	1000	5000
101	12-11-2023	CUST099	Male	18	Clothing	4	150	600
102	31-12-2023	CUST048	Female	54	Beauty	3	200	600
103	19-08-2023	CUST011	Male	38	Electronics	1	150	150
104	27-04-2023	CUST024	Male	48	Clothing	1	50	50
105	30-11-2023	CUST026	Male	36	Beauty	3	1500	4500
106	08-02-2023	CUST048	Female	38	Electronics	5	50	250
107	09-04-2023	CUST134	Female	42	Electronics	2	50	100
108	06-07-2023	CUST127	Male	34	Clothing	1	250	250
109	20-09-2023	CUST127	Male	52	Electronics	1	50	50
110	21-02-2023	CUST043	Male	19	Beauty	5	100	500
111	11-08-2023	CUST193	Male	36	Beauty	1	1500	1500
112	08-10-2023	CUST033	Female	20	Electronics	2	500	1000
113	29-11-2023	CUST098	Male	19	Clothing	2	800	1600
114	21-09-2023	CUST107	Male	43	Electronics	3	150	450
115	15-12-2023	CUST142	Female	18	Clothing	4	50	200
116	28-05-2023	CUST072	Male	41	Clothing	4	1000	4000
117	05-08-2023	CUST153	Male	18	Electronics	5	100	500
118	12-11-2023	CUST125	Male	46	Clothing	2	1000	2000
119	11-09-2023	CUST130	Male	21	Beauty	4	1000	4000
120	19-03-2023	CUST058	Female	18	Beauty	5	300	1500
121	21-06-2023	CUST064	Female	19	Clothing	3	800	2400
122	16-07-2023	CUST113	Male	32	Clothing	5	500	2500
123	11-07-2023	CUST114	Male	43	Electronics	1	250	250
124	16-01-2023	CUST044	Female	24	Beauty	1	250	250
125	11-01-2023	CUST005	Female	25	Electronics	2	50	100
126	15-02-2023	CUST194	Male	30	Beauty	4	250	1000
127	15-11-2023	CUST033	Female	42	Beauty	4	1500	6000
128	25-10-2023	CUST163	Female	40	Clothing	1	100	100
129	24-04-2023	CUST113	Male	43	Electronics	1	500	500
130	05-10-2023	CUST040	Male	57	Electronics	2	200	400
131	30-03-2023	CUST060	Male	58	Beauty	2	800	1600
132	27-05-2023	CUST090	Male	49	Electronics	1	500	500
133	13-10-2023	CUST128	Female	24	Clothing	5	300	1500
134	15-02-2023	CUST097	Female	24	Beauty	1	800	800
135	20-10-2023	CUST101	Male	36	Beauty	5	150	750
136	16-02-2023	CUST155	Female	56	Clothing	1	300	300
137	20-02-2023	CUST091	Male	54	Clothing	1	100	100
138	05-11-2023	CUST134	Female	26	Clothing	3	300	900
139	05-07-2023	CUST138	Male	26	Clothing	5	500	2500
140	30-12-2023	CUST163	Female	24	Beauty	2	800	1600
141	30-04-2023	CUST159	Male	53	Clothing	4	800	3200
142	20-01-2023	CUST080	Male	56	Beauty	3	500	1500
143	04-11-2023	CUST143	Male	55	Clothing	3	250	750
144	17-04-2023	CUST023	Male	49	Electronics	4	100	400
145	30-10-2023	CUST178	Male	18	Clothing	2	1500	3000
146	08-07-2023	CUST060	Female	37	Beauty	5	50	250
147	01-12-2023	CUST103	Female	23	Electronics	5	200	1000
148	16-06-2023	CUST169	Female	18	Electronics	4	1000	4000
149	27-03-2023	CUST063	Male	32	Clothing	4	150	600
150	19-02-2023	CUST120	Male	26	Beauty	2	500	1000
151	29-12-2023	CUST061	Male	32	Electronics	2	300	600
152	07-09-2023	CUST060	Female	50	Clothing	5	300	1500
153	06-03-2023	CUST075	Male	57	Electronics	4	200	800
154	10-04-2023	CUST058	Female	39	Electronics	1	150	150
155	01-10-2023	CUST005	Male	52	Clothing	2	200	400
156	25-03-2023	CUST082	Female	32	Electronics	3	1000	3000
157	15-03-2023	CUST200	Male	23	Clothing	3	1000	3000
158	11-10-2023	CUST010	Female	56	Clothing	5	500	2500
159	19-10-2023	CUST110	Male	45	Beauty	4	150	600
160	09-03-2023	CUST081	Male	56	Electronics	1	150	150
161	02-10-2023	CUST027	Female	18	Clothing	4	1500	6000
162	14-11-2023	CUST131	Female	28	Clothing	4	800	3200
163	27-12-2023	CUST174	Male	29	Beauty	1	50	50
164	25-10-2023	CUST185	Female	37	Clothing	4	1000	4000
165	16-08-2023	CUST080	Female	18	Beauty	2	250	500
166	11-11-2023	CUST142	Female	54	Electronics	5	200	1000
167	28-08-2023	CUST120	Male	25	Electronics	4	100	400
168	24-10-2023	CUST130	Male	60	Electronics	5	500	2500
169	15-05-2023	CUST020	Male	58	Beauty	5	100	500
170	25-07-2023	CUST032	Male	24	Electronics	3	800	2400
171	07-07-2023	CUST164	Male	24	Electronics	5	50	250
172	13-04-2023	CUST022	Male	31	Electronics	3	1000	3000
173	15-03-2023	CUST043	Male	26	Clothing	3	1500	4500
174	25-05-2023	CUST100	Female	22	Electronics	3	200	600
175	17-06-2023	CUST136	Female	30	Clothing	5	500	2500
176	18-11-2023	CUST112	Female	20	Electronics	1	800	800
177	21-11-2023	CUST058	Female	57	Beauty	4	50	200
178	24-05-2023	CUST128	Male	53	Clothing	5	500	2500
179	20-09-2023	CUST128	Male	24	Clothing	1	800	800
180	21-09-2023	CUST120	Male	58	Electronics	1	1500	1500
181	03-05-2023	CUST010	Male	59	Electronics	3	300	900
182	06-10-2023	CUST157	Female	43	Clothing	3	800	2400
183	02-03-2023	CUST136	Male	43	Clothing	2	250	500
184	26-05-2023	CUST114	Female	38	Electronics	1	200	200
185	27-03-2023	CUST166	Male	38	Clothing	4	1500	6000
186	08-02-2023	CUST111	Female	58	Clothing	2	800	1600
187	27-02-2023	CUST103	Female	55	Clothing	1	1500	1500
188	02-04-2023	CUST199	Female	55	Beauty	1	500	500
189	04-08-2023	CUST179	Female	59	Clothing	2	50	100
190	03-04-2023	CUST039	Male	49	Clothing	1	300	300
191	06-12-2023	CUST004	Male	36	Electronics	3	200	600
192	10-08-2023	CUST194	Female	53	Electronics	4	300	1200
193	30-07-2023	CUST079	Female	55	Beauty	1	250	250
194	01-03-2023	CUST131	Male	47	Clothing	1	300	300
195	02-09-2023	CUST175	Female	45	Clothing	2	200	400
196	10-05-2023	CUST095	Male	18	Beauty	2	50	100
197	27-09-2023	CUST175	Male	55	Clothing	3	150	450
198	04-10-2023	CUST079	Male	48	Beauty	3	150	450
199	08-08-2023	CUST196	Male	32	Electronics	5	100	500
200	25-11-2023	CUST185	Female	22	Beauty	5	300	1500
201	26-09-2023	CUST117	Male	35	Clothing	1	200	200
202	13-06-2023	CUST078	Male	20	Clothing	2	1500	3000
203	09-03-2023	CUST072	Female	27	Clothing	3	1500	4500
204	09-12-2023	CUST006	Male	28	Clothing	2	1500	3000
205	20-08-2023	CUST084	Male	36	Electronics	3	250	750
206	01-01-2023	CUST089	Male	26	Clothing	5	500	2500
207	04-03-2023	CUST006	Female	48	Electronics	2	1000	2000
208	14-03-2023	CUST046	Female	49	Clothing	5	800	4000
209	27-02-2023	CUST162	Male	53	Electronics	2	50	100
210	16-03-2023	CUST091	Female	44	Clothing	1	1500	1500
211	30-12-2023	CUST109	Male	58	Beauty	1	1500	1500
212	15-09-2023	CUST065	Female	46	Beauty	2	150	300
213	12-05-2023	CUST121	Female	50	Beauty	4	200	800
214	11-08-2023	CUST121	Female	35	Electronics	5	500	2500
215	13-12-2023	CUST060	Female	44	Clothing	1	800	800
216	29-01-2023	CUST044	Female	24	Beauty	4	800	3200
217	28-06-2023	CUST115	Female	23	Beauty	3	500	1500
218	22-11-2023	CUST054	Male	36	Clothing	2	100	200
219	05-01-2023	CUST078	Male	30	Beauty	1	150	150
220	03-08-2023	CUST174	Male	57	Electronics	3	300	900
221	14-07-2023	CUST187	Female	44	Clothing	5	1500	7500
222	09-03-2023	CUST018	Female	59	Clothing	2	1500	3000
223	28-02-2023	CUST067	Female	56	Clothing	3	1000	3000
224	25-04-2023	CUST084	Female	46	Clothing	5	300	1500
225	04-04-2023	CUST056	Female	49	Electronics	3	50	150
226	12-12-2023	CUST195	Female	39	Clothing	1	50	50
227	30-12-2023	CUST192	Male	57	Electronics	2	50	100
228	11-06-2023	CUST173	Male	53	Beauty	3	200	600
229	29-09-2023	CUST108	Female	30	Electronics	5	300	1500
230	10-11-2023	CUST107	Female	27	Beauty	5	300	1500
231	13-10-2023	CUST024	Male	58	Clothing	5	300	1500
232	27-02-2023	CUST080	Female	36	Electronics	3	300	900
233	28-03-2023	CUST092	Female	36	Beauty	4	1000	4000
234	16-07-2023	CUST068	Male	60	Beauty	3	50	150
235	19-06-2023	CUST115	Male	58	Electronics	4	150	600
236	14-03-2023	CUST033	Female	26	Clothing	2	50	100
237	07-02-2023	CUST079	Male	32	Beauty	1	50	50
238	23-01-2023	CUST166	Male	19	Beauty	5	150	750
239	08-06-2023	CUST071	Male	19	Beauty	3	250	750
240	15-09-2023	CUST054	Male	58	Electronics	5	250	1250
241	28-01-2023	CUST035	Male	58	Clothing	2	50	100
242	19-02-2023	CUST004	Male	56	Clothing	4	1500	6000
243	24-07-2023	CUST082	Male	42	Clothing	1	300	300
244	19-08-2023	CUST036	Male	49	Electronics	4	200	800
245	09-03-2023	CUST181	Female	43	Beauty	5	100	500
246	28-12-2023	CUST197	Female	52	Electronics	5	500	2500
247	13-06-2023	CUST021	Female	20	Beauty	5	800	4000
248	19-02-2023	CUST012	Male	25	Beauty	3	250	750
249	15-09-2023	CUST191	Male	56	Beauty	2	300	600
250	14-02-2023	CUST144	Male	60	Clothing	1	100	100
251	18-12-2023	CUST160	Female	38	Clothing	4	50	200
252	30-03-2023	CUST031	Male	45	Clothing	3	1000	3000
253	08-05-2023	CUST043	Female	35	Beauty	5	800	4000
254	05-03-2023	CUST127	Male	35	Electronics	1	1500	1500
255	27-09-2023	CUST179	Male	44	Clothing	2	50	100
256	05-11-2023	CUST150	Male	44	Electronics	2	150	300
257	23-04-2023	CUST052	Male	34	Beauty	3	1000	3000
258	12-08-2023	CUST027	Male	33	Beauty	3	100	300
259	31-08-2023	CUST043	Female	32	Electronics	2	800	1600
260	17-06-2023	CUST091	Female	32	Beauty	1	1000	1000
261	30-07-2023	CUST029	Female	47	Clothing	5	150	750
262	28-01-2023	CUST102	Female	18	Electronics	3	250	750
263	19-05-2023	CUST197	Male	27	Electronics	3	800	2400
264	01-07-2023	CUST055	Female	20	Beauty	4	1000	4000
265	17-02-2023	CUST127	Male	29	Clothing	1	150	150
266	07-11-2023	CUST168	Male	32	Clothing	4	150	600
267	16-03-2023	CUST186	Male	27	Electronics	2	1000	2000
268	07-02-2023	CUST187	Female	35	Clothing	3	200	600
269	21-07-2023	CUST110	Male	31	Beauty	5	50	250
270	11-04-2023	CUST171	Male	47	Clothing	5	200	1000
271	25-08-2023	CUST135	Male	27	Beauty	2	50	100
272	29-05-2023	CUST061	Female	28	Beauty	1	100	100
273	22-04-2023	CUST131	Male	54	Clothing	4	50	200
274	11-05-2023	CUST154	Male	38	Electronics	3	1000	3000
275	14-03-2023	CUST017	Female	49	Electronics	4	100	400
276	28-03-2023	CUST126	Male	42	Electronics	3	150	450
277	29-10-2023	CUST134	Female	31	Clothing	1	1000	1000
278	30-10-2023	CUST070	Male	27	Electronics	5	1500	7500
279	06-08-2023	CUST168	Female	50	Beauty	4	250	1000
280	05-11-2023	CUST179	Female	50	Beauty	4	800	3200
281	24-04-2023	CUST022	Male	57	Beauty	2	1000	2000
282	08-08-2023	CUST018	Male	57	Beauty	4	300	1200
283	23-11-2023	CUST136	Female	35	Electronics	2	250	500
284	16-08-2023	CUST044	Male	47	Clothing	3	150	450
285	22-09-2023	CUST036	Male	21	Clothing	4	50	200
286	03-10-2023	CUST168	Male	20	Beauty	4	100	400
287	28-06-2023	CUST086	Male	47	Beauty	4	300	1200
288	05-07-2023	CUST029	Female	42	Electronics	5	1000	5000
289	23-06-2023	CUST052	Female	49	Electronics	1	1500	1500
290	09-07-2023	CUST040	Female	28	Electronics	2	150	300
291	31-01-2023	CUST001	Female	52	Electronics	3	1500	4500
292	19-10-2023	CUST021	Female	49	Electronics	5	300	1500
293	15-02-2023	CUST149	Female	52	Electronics	5	1000	5000
294	26-08-2023	CUST095	Female	32	Beauty	3	50	150
295	23-05-2023	CUST176	Female	28	Beauty	4	800	3200
296	20-08-2023	CUST050	Male	38	Clothing	1	1500	1500
297	30-06-2023	CUST149	Male	32	Electronics	2	50	100
298	25-04-2023	CUST197	Male	24	Beauty	1	1500	1500
299	30-10-2023	CUST023	Male	26	Beauty	2	150	300
300	19-05-2023	CUST010	Female	50	Clothing	1	1000	1000
301	04-04-2023	CUST124	Female	44	Electronics	5	1000	5000
302	10-06-2023	CUST123	Female	35	Electronics	2	200	400
303	04-07-2023	CUST070	Female	46	Clothing	4	300	1200
304	24-02-2023	CUST187	Male	56	Beauty	4	250	1000
305	07-01-2023	CUST104	Male	52	Beauty	1	250	250
306	25-08-2023	CUST170	Female	35	Beauty	1	100	100
307	07-12-2023	CUST097	Male	19	Clothing	3	100	300
308	15-06-2023	CUST192	Female	19	Clothing	5	1000	5000
309	22-05-2023	CUST020	Male	28	Clothing	4	50	200
310	31-12-2023	CUST076	Female	20	Electronics	3	100	300
311	01-07-2023	CUST133	Male	19	Electronics	1	1000	1000
312	29-01-2023	CUST006	Female	50	Electronics	2	50	100
313	20-03-2023	CUST024	Male	42	Electronics	2	150	300
314	06-08-2023	CUST143	Male	58	Clothing	2	50	100
315	17-10-2023	CUST086	Female	27	Clothing	2	800	1600
316	25-02-2023	CUST124	Male	31	Electronics	4	500	2000
317	26-04-2023	CUST196	Male	24	Electronics	1	200	200
318	06-10-2023	CUST184	Female	21	Beauty	3	1500	4500
319	03-08-2023	CUST001	Female	27	Electronics	5	250	1250
320	03-01-2023	CUST109	Female	47	Electronics	4	1500	6000
321	28-09-2023	CUST198	Female	18	Beauty	1	1000	1000
322	02-02-2023	CUST059	Female	36	Clothing	4	50	200
323	20-12-2023	CUST151	Female	47	Beauty	3	300	900
324	04-11-2023	CUST139	Male	55	Beauty	2	100	200
325	29-09-2023	CUST065	Male	30	Beauty	5	50	250
326	25-01-2023	CUST171	Male	24	Beauty	2	1500	3000
327	30-11-2023	CUST058	Male	54	Electronics	2	800	1600
328	04-03-2023	CUST058	Female	54	Electronics	3	200	600
329	23-12-2023	CUST122	Female	59	Electronics	3	800	2400
330	18-07-2023	CUST185	Female	43	Clothing	3	300	900
331	23-01-2023	CUST184	Male	25	Beauty	3	1000	3000
332	09-06-2023	CUST105	Female	50	Electronics	2	1500	3000
333	18-06-2023	CUST150	Female	48	Clothing	1	150	150
334	22-02-2023	CUST124	Male	59	Clothing	2	800	1600
335	21-04-2023	CUST072	Male	40	Beauty	1	100	100
336	25-04-2023	CUST049	Female	40	Beauty	3	800	2400
337	18-11-2023	CUST125	Female	31	Clothing	5	200	1000
338	11-04-2023	CUST195	Female	52	Clothing	1	100	100
339	25-11-2023	CUST117	Female	30	Clothing	1	800	800
340	25-09-2023	CUST050	Male	35	Beauty	1	1500	1500
341	23-11-2023	CUST024	Male	36	Beauty	4	250	1000
342	21-06-2023	CUST070	Female	35	Electronics	3	1500	4500
343	19-01-2023	CUST003	Male	20	Clothing	5	1500	7500
344	20-06-2023	CUST126	Male	49	Beauty	4	200	800
345	29-04-2023	CUST176	Female	23	Electronics	3	50	150
346	12-05-2023	CUST169	Female	20	Electronics	2	150	300
347	10-07-2023	CUST030	Female	47	Beauty	2	250	500
348	12-11-2023	CUST002	Male	27	Beauty	2	800	1600
349	21-02-2023	CUST089	Female	35	Clothing	4	800	3200
350	16-07-2023	CUST067	Male	36	Beauty	2	200	400
351	22-09-2023	CUST195	Female	49	Beauty	4	250	1000
352	02-11-2023	CUST061	Male	48	Beauty	3	1000	3000
353	21-10-2023	CUST112	Male	30	Beauty	1	250	250
354	26-10-2023	CUST023	Male	32	Electronics	3	150	450
355	04-11-2023	CUST008	Male	58	Beauty	3	300	900
356	18-11-2023	CUST113	Male	22	Beauty	4	100	400
357	10-07-2023	CUST056	Female	56	Electronics	1	200	200
358	27-04-2023	CUST119	Female	60	Beauty	1	50	50
359	25-10-2023	CUST101	Female	36	Electronics	4	1500	6000
360	28-10-2023	CUST007	Female	44	Electronics	2	500	1000
361	15-05-2023	CUST138	Male	23	Beauty	1	50	50
362	05-11-2023	CUST037	Male	47	Electronics	1	150	150
363	09-07-2023	CUST110	Male	60	Beauty	5	250	1250
364	27-11-2023	CUST170	Male	38	Beauty	4	300	1200
365	18-02-2023	CUST048	Male	59	Clothing	4	800	3200
366	26-01-2023	CUST163	Male	26	Beauty	5	1000	5000
367	08-04-2023	CUST135	Female	31	Electronics	4	50	200
368	08-10-2023	CUST149	Female	34	Clothing	1	300	300
369	11-04-2023	CUST031	Female	47	Electronics	2	800	1600
370	29-09-2023	CUST034	Female	40	Electronics	3	1500	4500
371	09-09-2023	CUST062	Male	38	Electronics	4	250	1000
372	27-06-2023	CUST166	Male	40	Electronics	2	50	100
373	16-05-2023	CUST013	Male	60	Beauty	5	250	1250
374	18-02-2023	CUST091	Male	57	Beauty	3	300	900
375	23-05-2023	CUST035	Male	34	Clothing	2	250	500
376	30-07-2023	CUST186	Male	44	Clothing	1	50	50
377	15-04-2023	CUST190	Male	44	Electronics	5	1000	5000
378	22-04-2023	CUST039	Female	36	Clothing	4	1000	4000
379	14-09-2023	CUST050	Female	22	Clothing	2	250	500
380	24-12-2023	CUST168	Male	53	Clothing	2	250	500
381	24-05-2023	CUST048	Male	44	Electronics	4	150	600
382	30-04-2023	CUST114	Female	37	Beauty	4	300	1200
383	08-08-2023	CUST004	Male	42	Clothing	2	50	100
384	10-12-2023	CUST127	Male	56	Beauty	4	800	3200
385	31-01-2023	CUST032	Male	46	Beauty	1	500	500
386	02-12-2023	CUST129	Male	19	Clothing	3	100	300
387	25-01-2023	CUST002	Female	41	Electronics	2	150	300
388	20-11-2023	CUST029	Female	50	Electronics	4	50	200
389	07-07-2023	CUST189	Male	47	Clothing	1	500	500
390	20-03-2023	CUST102	Male	30	Beauty	4	200	800
391	30-12-2023	CUST094	Female	56	Beauty	1	100	100
392	21-12-2023	CUST118	Male	33	Beauty	5	1000	5000
393	07-02-2023	CUST023	Male	38	Clothing	5	1000	5000
394	18-04-2023	CUST094	Female	24	Electronics	5	300	1500
395	08-03-2023	CUST178	Female	55	Beauty	2	50	100
396	23-01-2023	CUST017	Male	29	Electronics	2	500	1000
397	21-07-2023	CUST188	Female	58	Clothing	5	1000	5000
398	19-12-2023	CUST088	Female	29	Beauty	4	800	3200
399	15-09-2023	CUST061	Female	36	Beauty	3	200	600
400	11-01-2023	CUST120	Female	38	Electronics	2	300	600
401	17-11-2023	CUST073	Male	45	Electronics	3	300	900
402	15-03-2023	CUST189	Female	58	Clothing	3	250	750
403	11-11-2023	CUST064	Female	32	Beauty	5	250	1250
404	15-07-2023	CUST161	Male	35	Clothing	5	50	250
405	29-10-2023	CUST150	Female	29	Clothing	4	300	1200
406	10-11-2023	CUST126	Male	58	Beauty	3	150	450
407	31-07-2023	CUST085	Female	45	Electronics	5	100	500
408	22-10-2023	CUST153	Female	34	Clothing	2	800	1600
409	02-04-2023	CUST134	Male	36	Clothing	1	1500	1500
410	27-04-2023	CUST050	Female	58	Clothing	4	500	2000
411	20-03-2023	CUST149	Male	32	Beauty	3	500	1500
412	10-01-2023	CUST053	Male	18	Electronics	1	300	300
413	02-05-2023	CUST067	Female	52	Beauty	2	150	300
414	26-09-2023	CUST062	Male	41	Clothing	1	250	250
415	15-10-2023	CUST109	Female	24	Clothing	2	100	200
416	05-10-2023	CUST143	Male	35	Clothing	3	50	150
417	29-10-2023	CUST198	Female	51	Electronics	1	250	250
418	05-05-2023	CUST063	Male	21	Electronics	3	1000	3000
419	15-12-2023	CUST151	Female	56	Beauty	3	800	2400
420	05-11-2023	CUST009	Female	56	Clothing	4	800	3200
421	16-05-2023	CUST025	Female	27	Clothing	5	300	1500
422	16-08-2023	CUST095	Male	37	Beauty	4	50	200
423	07-02-2023	CUST092	Male	21	Clothing	2	1000	2000
424	30-08-2023	CUST049	Female	20	Clothing	3	200	600
425	25-07-2023	CUST025	Female	49	Beauty	2	800	1600
426	03-08-2023	CUST134	Female	34	Clothing	2	1000	2000
427	26-02-2023	CUST138	Female	41	Electronics	4	50	200
428	30-09-2023	CUST043	Female	50	Clothing	4	1500	6000
429	12-07-2023	CUST001	Female	40	Electronics	3	50	150
430	06-09-2023	CUST008	Female	39	Clothing	5	1500	7500
431	31-10-2023	CUST185	Male	41	Beauty	3	800	2400
432	31-07-2023	CUST095	Male	22	Electronics	1	1500	1500
433	22-04-2023	CUST050	Male	19	Electronics	5	300	1500
434	08-05-2023	CUST169	Female	57	Clothing	3	300	900
435	17-10-2023	CUST132	Female	43	Clothing	5	100	500
436	15-07-2023	CUST128	Male	30	Electronics	2	50	100
437	22-04-2023	CUST198	Female	33	Beauty	3	300	900
438	11-03-2023	CUST016	Female	54	Electronics	1	50	50
439	03-07-2023	CUST076	Female	53	Clothing	4	300	1200
440	07-09-2023	CUST141	Female	27	Clothing	3	800	2400
441	11-10-2023	CUST124	Female	34	Clothing	5	200	1000
442	25-11-2023	CUST035	Male	22	Clothing	4	250	1000
443	30-06-2023	CUST165	Female	53	Electronics	4	200	800
444	15-01-2023	CUST011	Female	37	Clothing	5	100	500
445	13-06-2023	CUST106	Male	41	Clothing	5	50	250
446	21-12-2023	CUST188	Male	60	Beauty	1	500	500
447	28-04-2023	CUST168	Female	31	Electronics	3	300	900
448	06-06-2023	CUST189	Male	35	Electronics	4	1000	4000
449	25-01-2023	CUST022	Male	59	Clothing	2	1000	2000
450	29-12-2023	CUST198	Male	41	Clothing	5	800	4000
451	27-02-2023	CUST050	Male	21	Clothing	5	1500	7500
452	09-06-2023	CUST109	Male	56	Electronics	3	150	450
453	25-09-2023	CUST079	Female	34	Beauty	4	1500	6000
454	30-08-2023	CUST019	Male	60	Clothing	2	800	1600
455	15-12-2023	CUST125	Female	56	Beauty	3	150	450
456	28-03-2023	CUST025	Female	22	Electronics	2	800	1600
457	24-07-2023	CUST195	Male	58	Electronics	2	150	300
458	05-05-2023	CUST112	Male	55	Beauty	5	100	500
459	19-08-2023	CUST189	Female	40	Beauty	2	1500	3000
460	28-08-2023	CUST104	Female	57	Electronics	4	200	800
461	23-09-2023	CUST002	Male	56	Electronics	3	800	2400
462	10-08-2023	CUST185	Female	22	Beauty	2	200	400
463	15-09-2023	CUST185	Male	34	Beauty	3	150	450
464	28-05-2023	CUST133	Male	54	Clothing	2	150	300
465	03-01-2023	CUST145	Male	42	Beauty	1	150	150
466	09-11-2023	CUST134	Male	58	Clothing	1	800	800
467	06-01-2023	CUST090	Male	25	Electronics	1	1000	1000
468	25-08-2023	CUST031	Male	25	Clothing	2	1500	3000
469	04-10-2023	CUST105	Male	38	Electronics	2	300	600
470	22-04-2023	CUST128	Female	50	Electronics	5	500	2500
471	15-06-2023	CUST132	Female	26	Clothing	4	250	1000
472	09-04-2023	CUST198	Female	30	Electronics	5	50	250
473	20-04-2023	CUST115	Female	43	Clothing	1	500	500
474	08-10-2023	CUST005	Female	35	Beauty	1	800	800
475	04-10-2023	CUST132	Female	43	Electronics	5	500	2500
476	11-07-2023	CUST157	Female	55	Beauty	3	300	900
477	05-04-2023	CUST131	Male	44	Clothing	5	500	2500
478	09-12-2023	CUST190	Male	33	Beauty	5	150	750
479	16-01-2023	CUST155	Male	53	Clothing	5	250	1250
480	09-05-2023	CUST015	Female	22	Beauty	1	300	300
481	10-11-2023	CUST009	Female	46	Beauty	1	500	500
482	10-08-2023	CUST129	Female	59	Clothing	1	250	250
483	30-07-2023	CUST181	Male	41	Beauty	2	300	600
484	31-08-2023	CUST109	Male	24	Clothing	5	150	750
485	16-11-2023	CUST124	Female	59	Clothing	2	250	500
486	12-01-2023	CUST111	Male	19	Clothing	2	1500	3000
487	26-06-2023	CUST153	Female	51	Electronics	4	300	1200
488	16-03-2023	CUST058	Male	32	Clothing	3	50	150
489	30-03-2023	CUST198	Male	26	Beauty	1	200	200
490	08-10-2023	CUST001	Female	27	Clothing	1	1000	1000
491	21-12-2023	CUST096	Male	23	Clothing	1	1500	1500
492	18-07-2023	CUST156	Male	56	Electronics	4	500	2000
493	16-11-2023	CUST068	Male	43	Electronics	5	150	750
494	02-03-2023	CUST074	Female	19	Electronics	4	250	1000
495	12-03-2023	CUST087	Female	39	Beauty	4	250	1000
496	02-05-2023	CUST082	Male	37	Beauty	1	500	500
497	11-06-2023	CUST145	Male	48	Electronics	2	1000	2000
498	20-09-2023	CUST054	Male	21	Beauty	1	500	500
499	24-05-2023	CUST045	Female	32	Electronics	4	800	3200
500	15-11-2023	CUST064	Female	43	Clothing	2	1500	3000
501	01-07-2023	CUST037	Male	26	Electronics	5	50	250
502	09-09-2023	CUST107	Male	42	Clothing	3	500	1500
503	09-05-2023	CUST028	Female	36	Clothing	5	1500	7500
504	12-02-2023	CUST128	Female	44	Clothing	1	1500	1500
505	20-09-2023	CUST124	Male	38	Beauty	1	250	250
506	07-03-2023	CUST130	Female	59	Electronics	3	150	450
507	10-05-2023	CUST070	Male	26	Beauty	1	150	150
508	06-06-2023	CUST164	Female	36	Beauty	5	50	250
509	02-01-2023	CUST006	Female	58	Clothing	1	200	200
510	14-02-2023	CUST135	Male	40	Electronics	3	800	2400
511	29-06-2023	CUST104	Female	26	Beauty	3	500	1500
512	05-08-2023	CUST058	Male	23	Electronics	4	1500	6000
513	28-08-2023	CUST101	Male	18	Clothing	4	250	1000
514	11-08-2023	CUST088	Male	24	Beauty	3	1500	4500
515	26-07-2023	CUST064	Female	42	Beauty	4	800	3200
516	13-12-2023	CUST004	Female	33	Beauty	2	1000	2000
517	23-10-2023	CUST197	Male	40	Clothing	3	300	900
518	15-11-2023	CUST097	Male	58	Beauty	1	300	300
519	07-07-2023	CUST134	Male	26	Clothing	1	300	300
520	09-07-2023	CUST146	Female	28	Electronics	2	1000	2000
521	05-06-2023	CUST100	Female	56	Beauty	3	100	300
522	22-09-2023	CUST113	Male	20	Beauty	2	300	600
523	20-06-2023	CUST076	Male	42	Clothing	1	50	50
524	19-05-2023	CUST079	Female	48	Clothing	5	800	4000
525	20-05-2023	CUST068	Male	54	Clothing	1	1000	1000
526	17-10-2023	CUST009	Male	55	Clothing	4	500	2000
527	22-08-2023	CUST188	Male	39	Electronics	5	250	1250
528	20-11-2023	CUST192	Female	42	Beauty	2	250	500
529	26-09-2023	CUST104	Male	19	Clothing	1	800	800
530	11-12-2023	CUST033	Male	49	Beauty	3	250	750
531	08-03-2023	CUST022	Male	23	Electronics	4	250	1000
532	09-07-2023	CUST109	Male	19	Clothing	5	100	500
533	07-03-2023	CUST155	Male	19	Electronics	5	100	500
534	17-12-2023	CUST107	Female	46	Electronics	2	800	1600
535	06-09-2023	CUST074	Male	43	Clothing	2	1500	3000
536	02-06-2023	CUST072	Male	54	Clothing	2	1500	3000
537	24-08-2023	CUST170	Female	28	Clothing	1	150	150
538	08-04-2023	CUST110	Male	21	Beauty	4	200	800
539	06-11-2023	CUST039	Male	52	Clothing	1	50	50
540	28-05-2023	CUST018	Female	43	Electronics	1	800	800
541	22-04-2023	CUST052	Male	40	Beauty	2	300	600
542	22-05-2023	CUST107	Female	21	Beauty	1	1500	1500
543	16-12-2023	CUST133	Male	21	Electronics	3	50	150
544	20-10-2023	CUST167	Male	22	Beauty	4	1500	6000
545	11-08-2023	CUST009	Male	38	Electronics	3	1000	3000
546	20-10-2023	CUST143	Male	51	Electronics	2	500	1000
547	07-11-2023	CUST098	Female	52	Clothing	5	100	500
548	13-08-2023	CUST184	Female	45	Beauty	2	200	400
549	16-10-2023	CUST001	Male	55	Electronics	5	150	750
550	15-04-2023	CUST079	Male	26	Electronics	1	300	300
551	22-10-2023	CUST032	Female	20	Clothing	5	100	500
552	29-08-2023	CUST004	Female	59	Beauty	2	300	600
553	09-10-2023	CUST199	Male	41	Beauty	1	1500	1500
554	30-04-2023	CUST190	Male	53	Beauty	5	100	500
555	09-02-2023	CUST008	Male	48	Electronics	2	1000	2000
556	12-01-2023	CUST182	Female	20	Beauty	3	50	150
557	06-06-2023	CUST043	Female	27	Clothing	5	200	1000
558	15-03-2023	CUST163	Female	35	Electronics	3	1500	4500
559	05-07-2023	CUST156	Male	37	Beauty	1	200	200
560	23-04-2023	CUST165	Male	53	Electronics	2	1500	3000
561	05-01-2023	CUST077	Female	20	Clothing	3	150	450
562	05-01-2023	CUST023	Male	23	Beauty	5	50	250
563	12-12-2023	CUST163	Female	23	Clothing	1	1000	1000
564	17-06-2023	CUST149	Male	60	Electronics	5	800	4000
565	20-11-2023	CUST198	Male	40	Electronics	1	800	800
566	31-08-2023	CUST144	Female	45	Electronics	2	800	1600
567	10-07-2023	CUST082	Female	33	Clothing	5	200	1000
568	14-09-2023	CUST199	Male	20	Electronics	2	1000	2000
569	16-02-2023	CUST060	Female	29	Beauty	3	200	600
570	11-03-2023	CUST062	Male	49	Beauty	5	300	1500
571	03-09-2023	CUST196	Male	36	Electronics	1	50	50
572	20-07-2023	CUST018	Male	23	Beauty	3	800	2400
573	18-09-2023	CUST079	Male	35	Clothing	4	50	200
574	27-05-2023	CUST155	Female	26	Clothing	4	1500	6000
575	16-02-2023	CUST047	Female	32	Clothing	2	150	300
576	20-07-2023	CUST135	Male	51	Electronics	4	1000	4000
577	07-11-2023	CUST009	Male	54	Beauty	2	1500	3000
578	25-05-2023	CUST124	Female	39	Electronics	3	150	450
579	26-12-2023	CUST124	Male	34	Electronics	5	200	1000
580	26-04-2023	CUST067	Male	58	Clothing	4	500	2000
581	04-06-2023	CUST177	Female	26	Beauty	2	500	1000
582	18-01-2023	CUST145	Male	47	Electronics	2	300	600
583	10-03-2023	CUST112	Female	46	Beauty	2	300	600
584	10-11-2023	CUST151	Male	19	Beauty	2	100	200
585	03-08-2023	CUST098	Female	41	Beauty	1	1000	1000
586	13-04-2023	CUST193	Male	59	Beauty	2	50	100
587	26-06-2023	CUST099	Male	20	Clothing	1	100	100
588	03-08-2023	CUST055	Female	56	Beauty	5	1500	7500
589	28-07-2023	CUST022	Male	48	Beauty	5	1500	7500
590	29-04-2023	CUST148	Male	54	Clothing	3	1500	4500
591	27-07-2023	CUST060	Male	58	Electronics	4	300	1200
592	29-01-2023	CUST131	Female	57	Beauty	3	1500	4500
593	12-11-2023	CUST175	Male	18	Clothing	1	1000	1000
594	06-09-2023	CUST016	Male	51	Clothing	2	800	1600
595	18-02-2023	CUST019	Female	37	Clothing	1	250	250
596	14-03-2023	CUST167	Male	19	Beauty	3	150	450
597	19-01-2023	CUST170	Male	45	Electronics	3	250	750
598	25-05-2023	CUST191	Female	46	Beauty	5	500	2500
599	27-12-2023	CUST058	Female	41	Electronics	3	150	450
600	03-04-2023	CUST171	Female	50	Clothing	2	150	300
601	14-10-2023	CUST018	Male	57	Clothing	2	500	1000
602	19-09-2023	CUST081	Male	51	Electronics	5	250	1250
603	20-05-2023	CUST183	Female	24	Beauty	1	800	800
604	05-08-2023	CUST056	Male	30	Electronics	1	1000	1000
605	10-10-2023	CUST108	Male	26	Clothing	3	150	450
606	16-01-2023	CUST033	Male	50	Clothing	1	800	800
607	03-01-2023	CUST111	Male	51	Electronics	5	1000	5000
608	19-08-2023	CUST181	Female	33	Clothing	2	800	1600
609	14-08-2023	CUST050	Male	27	Clothing	3	250	750
610	18-09-2023	CUST052	Female	57	Clothing	1	100	100
611	15-02-2023	CUST076	Male	35	Clothing	3	150	450
612	20-04-2023	CUST098	Female	20	Beauty	1	50	50
613	03-07-2023	CUST196	Female	28	Clothing	2	50	100
614	12-09-2023	CUST189	Female	21	Clothing	5	300	1500
615	24-09-2023	CUST023	Female	19	Electronics	4	800	3200
616	31-08-2023	CUST031	Male	19	Beauty	4	500	2000
617	10-12-2023	CUST186	Male	33	Beauty	3	200	600
618	19-09-2023	CUST096	Male	38	Electronics	3	300	900
619	09-08-2023	CUST034	Male	58	Beauty	1	200	200
620	13-06-2023	CUST164	Female	44	Electronics	4	800	3200
621	06-11-2023	CUST163	Male	39	Beauty	3	500	1500
622	10-04-2023	CUST031	Female	50	Electronics	5	800	4000
623	23-07-2023	CUST170	Female	21	Beauty	3	100	300
624	19-04-2023	CUST031	Male	37	Clothing	1	1500	1500
625	02-06-2023	CUST139	Female	33	Electronics	2	100	200
626	19-03-2023	CUST161	Male	23	Beauty	2	250	500
627	24-10-2023	CUST126	Male	26	Clothing	5	1500	7500
628	10-10-2023	CUST014	Female	25	Clothing	2	100	200
629	04-04-2023	CUST003	Male	54	Beauty	5	800	4000
630	14-05-2023	CUST109	Female	50	Electronics	4	100	400
631	11-05-2023	CUST191	Female	24	Electronics	5	1000	5000
632	10-10-2023	CUST002	Male	18	Electronics	5	200	1000
633	05-12-2023	CUST070	Male	34	Clothing	1	1500	1500
634	12-05-2023	CUST198	Female	37	Beauty	5	500	2500
635	10-07-2023	CUST064	Male	60	Electronics	2	500	1000
636	11-01-2023	CUST095	Female	56	Electronics	4	50	200
637	20-03-2023	CUST137	Male	18	Electronics	5	100	500
638	10-08-2023	CUST009	Male	18	Clothing	4	1000	4000
639	19-11-2023	CUST190	Female	44	Clothing	5	150	750
640	21-10-2023	CUST016	Female	57	Electronics	4	800	3200
641	02-08-2023	CUST157	Female	29	Electronics	3	1500	4500
642	12-02-2023	CUST046	Female	27	Beauty	1	50	50
643	12-04-2023	CUST096	Male	28	Beauty	5	50	250
644	28-12-2023	CUST132	Male	51	Beauty	5	1000	5000
645	15-11-2023	CUST131	Male	23	Clothing	5	250	1250
646	12-11-2023	CUST036	Male	28	Beauty	2	100	200
647	11-11-2023	CUST049	Female	58	Clothing	3	150	450
648	31-08-2023	CUST130	Female	18	Beauty	1	200	200
649	18-06-2023	CUST082	Female	54	Electronics	1	800	800
650	06-03-2023	CUST032	Male	44	Electronics	3	100	300
651	23-09-2023	CUST117	Male	53	Clothing	4	150	600
652	10-10-2023	CUST195	Male	18	Clothing	3	500	1500
653	29-06-2023	CUST200	Female	52	Clothing	1	300	300
654	09-09-2023	CUST133	Female	58	Clothing	2	500	1000
655	29-03-2023	CUST146	Female	59	Beauty	1	800	800
656	24-03-2023	CUST121	Female	33	Clothing	4	200	800
657	19-02-2023	CUST072	Male	24	Electronics	2	300	600
658	27-06-2023	CUST126	Male	21	Clothing	2	1500	3000
659	22-11-2023	CUST058	Male	47	Electronics	5	500	2500
660	01-03-2023	CUST191	Male	25	Beauty	4	300	1200
661	11-02-2023	CUST014	Female	57	Electronics	5	1000	5000
662	08-08-2023	CUST169	Male	41	Electronics	4	150	600
663	12-02-2023	CUST058	Female	49	Clothing	3	50	150
664	21-10-2023	CUST168	Male	31	Clothing	1	500	500
665	19-12-2023	CUST007	Female	24	Beauty	5	800	4000
666	29-12-2023	CUST056	Female	28	Beauty	3	50	150
667	27-10-2023	CUST099	Female	42	Clothing	5	1000	5000
668	11-02-2023	CUST081	Male	39	Electronics	5	50	250
669	07-07-2023	CUST057	Female	56	Clothing	3	300	900
670	26-07-2023	CUST190	Male	25	Electronics	5	1000	5000
671	13-11-2023	CUST025	Male	42	Beauty	1	1000	1000
672	21-10-2023	CUST113	Male	29	Electronics	5	150	750
673	22-03-2023	CUST138	Male	30	Beauty	1	800	800
674	18-02-2023	CUST022	Male	50	Beauty	2	150	300
675	30-03-2023	CUST082	Male	32	Clothing	5	800	4000
676	06-09-2023	CUST086	Male	21	Clothing	4	800	3200
677	09-12-2023	CUST121	Male	25	Clothing	3	300	900
678	26-08-2023	CUST058	Male	59	Electronics	3	150	450
679	23-08-2023	CUST004	Male	47	Clothing	5	250	1250
680	11-04-2023	CUST091	Female	27	Electronics	2	500	1000
681	05-06-2023	CUST065	Female	22	Beauty	5	800	4000
682	29-07-2023	CUST004	Female	35	Clothing	5	150	750
683	20-10-2023	CUST133	Male	31	Clothing	2	150	300
684	11-06-2023	CUST103	Female	56	Beauty	1	300	300
685	18-01-2023	CUST185	Female	30	Clothing	2	1000	2000
686	20-08-2023	CUST039	Male	42	Clothing	3	200	600
687	22-07-2023	CUST081	Male	27	Beauty	3	800	2400
688	17-11-2023	CUST011	Male	36	Beauty	5	250	1250
689	22-05-2023	CUST055	Male	39	Electronics	1	200	200
690	25-08-2023	CUST089	Female	23	Beauty	2	100	200
691	11-01-2023	CUST152	Female	43	Clothing	3	800	2400
692	06-03-2023	CUST173	Female	22	Beauty	1	150	150
693	04-01-2023	CUST196	Female	56	Clothing	3	500	1500
694	30-01-2023	CUST138	Male	59	Clothing	4	250	1000
695	07-01-2023	CUST165	Female	24	Electronics	1	500	500
696	15-11-2023	CUST122	Female	23	Beauty	4	1000	4000
697	06-07-2023	CUST081	Male	39	Beauty	2	100	200
698	25-11-2023	CUST108	Male	43	Beauty	1	300	300
699	27-07-2023	CUST084	Female	20	Clothing	1	500	500
700	02-09-2023	CUST189	Female	21	Clothing	3	500	1500
701	16-10-2023	CUST197	Female	28	Electronics	2	100	200
702	07-09-2023	CUST103	Male	45	Clothing	3	1000	3000
703	31-03-2023	CUST136	Female	51	Beauty	5	1500	7500
704	29-12-2023	CUST124	Female	36	Electronics	1	150	150
705	19-01-2023	CUST111	Male	52	Beauty	2	50	100
706	23-01-2023	CUST071	Female	57	Clothing	3	1500	4500
707	01-10-2023	CUST001	Male	32	Electronics	1	500	500
708	21-11-2023	CUST067	Male	24	Beauty	2	50	100
709	28-08-2023	CUST057	Female	37	Beauty	4	500	2000
710	29-01-2023	CUST057	Female	38	Electronics	1	800	800
711	02-03-2023	CUST104	Female	39	Electronics	1	150	150
712	28-08-2023	CUST140	Female	40	Electronics	3	1500	4500
713	22-04-2023	CUST102	Female	30	Beauty	1	800	800
714	08-07-2023	CUST166	Female	29	Clothing	4	800	3200
715	21-08-2023	CUST067	Male	43	Clothing	3	500	1500
716	05-03-2023	CUST123	Male	59	Electronics	1	250	250
717	19-07-2023	CUST027	Male	55	Electronics	4	50	200
718	27-05-2023	CUST191	Female	43	Electronics	1	150	150
719	02-10-2023	CUST129	Female	53	Clothing	4	100	400
720	13-07-2023	CUST046	Female	25	Beauty	2	800	1600
721	06-09-2023	CUST023	Female	36	Electronics	1	50	50
722	15-05-2023	CUST001	Female	58	Clothing	1	300	300
723	20-03-2023	CUST118	Male	32	Clothing	5	800	4000
724	10-12-2023	CUST024	Female	39	Electronics	3	300	900
725	13-10-2023	CUST033	Male	24	Beauty	2	500	1000
726	21-12-2023	CUST190	Male	60	Electronics	4	800	3200
727	22-11-2023	CUST145	Male	39	Electronics	2	1000	2000
728	12-03-2023	CUST043	Female	35	Clothing	5	150	750
729	17-11-2023	CUST117	Female	38	Beauty	1	1000	1000
730	14-05-2023	CUST158	Male	18	Electronics	4	150	600
731	30-08-2023	CUST110	Female	44	Beauty	1	250	250
732	17-09-2023	CUST180	Male	48	Electronics	3	50	150
733	14-04-2023	CUST191	Female	52	Electronics	3	50	150
734	23-03-2023	CUST018	Male	43	Clothing	4	100	400
735	26-05-2023	CUST029	Male	19	Clothing	3	800	2400
736	01-09-2023	CUST105	Male	38	Beauty	3	200	600
737	04-11-2023	CUST010	Female	50	Beauty	4	200	800
738	28-03-2023	CUST139	Female	42	Electronics	5	150	750
739	30-04-2023	CUST074	Male	29	Clothing	5	50	250
740	07-03-2023	CUST037	Female	26	Electronics	4	200	800
741	31-01-2023	CUST147	Male	56	Electronics	1	150	150
742	17-09-2023	CUST065	Male	31	Beauty	1	50	50
743	28-06-2023	CUST040	Male	25	Clothing	2	150	300
744	10-03-2023	CUST031	Male	31	Beauty	3	500	1500
745	19-12-2023	CUST198	Male	24	Electronics	4	800	3200
746	05-12-2023	CUST041	Male	49	Electronics	5	200	1000
747	18-01-2023	CUST084	Male	45	Beauty	4	1500	6000
748	01-12-2023	CUST037	Male	48	Electronics	1	50	50
749	19-01-2023	CUST084	Male	41	Clothing	5	100	500
750	10-12-2023	CUST098	Female	51	Clothing	2	50	100
751	09-05-2023	CUST041	Male	41	Clothing	4	250	1000
752	18-04-2023	CUST133	Male	34	Beauty	5	100	500
753	28-08-2023	CUST159	Male	48	Clothing	1	50	50
754	26-12-2023	CUST024	Male	56	Beauty	3	500	1500
755	17-05-2023	CUST027	Female	50	Clothing	1	800	800
756	09-10-2023	CUST100	Female	50	Electronics	1	500	500
757	24-05-2023	CUST190	Female	42	Beauty	3	250	750
758	09-08-2023	CUST066	Male	60	Beauty	5	500	2500
759	12-09-2023	CUST109	Male	50	Electronics	3	50	150
760	17-08-2023	CUST013	Female	46	Electronics	3	500	1500
761	16-08-2023	CUST089	Male	52	Electronics	3	100	300
762	22-07-2023	CUST144	Male	42	Electronics	3	1500	4500
763	15-07-2023	CUST084	Male	60	Electronics	3	800	2400
764	27-08-2023	CUST016	Female	40	Beauty	3	300	900
765	06-01-2023	CUST011	Female	33	Beauty	1	50	50
766	14-04-2023	CUST149	Male	52	Electronics	2	500	1000
767	10-04-2023	CUST130	Male	49	Electronics	5	300	1500
768	12-07-2023	CUST013	Male	44	Electronics	5	50	250
769	23-11-2023	CUST083	Male	48	Beauty	1	250	250
770	23-06-2023	CUST191	Female	45	Beauty	5	500	2500
771	25-04-2023	CUST095	Female	40	Clothing	5	500	2500
772	11-05-2023	CUST116	Female	31	Electronics	5	50	250
773	19-11-2023	CUST173	Male	31	Beauty	3	1500	4500
774	22-07-2023	CUST154	Male	19	Beauty	1	250	250
775	08-11-2023	CUST038	Female	46	Clothing	4	200	800
776	05-07-2023	CUST026	Female	53	Beauty	1	500	500
777	23-01-2023	CUST049	Female	19	Electronics	3	50	150
778	10-07-2023	CUST165	Female	39	Clothing	1	500	500
779	22-12-2023	CUST194	Male	52	Beauty	2	300	600
780	30-04-2023	CUST115	Female	26	Electronics	1	150	150
781	20-04-2023	CUST110	Female	39	Clothing	4	300	1200
782	12-03-2023	CUST077	Male	38	Clothing	1	300	300
783	19-09-2023	CUST073	Female	57	Clothing	2	1000	2000
784	18-09-2023	CUST052	Female	27	Beauty	3	150	450
785	06-06-2023	CUST007	Female	44	Beauty	4	800	3200
786	02-09-2023	CUST145	Male	49	Clothing	3	1000	3000
787	17-04-2023	CUST006	Female	24	Electronics	2	200	400
788	01-06-2023	CUST027	Male	22	Electronics	3	250	750
789	11-04-2023	CUST006	Male	31	Electronics	4	150	600
790	09-12-2023	CUST072	Female	25	Beauty	2	150	300
791	09-03-2023	CUST162	Male	55	Clothing	3	500	1500
792	05-09-2023	CUST114	Female	54	Electronics	1	200	200
793	04-03-2023	CUST176	Male	27	Beauty	2	300	600
794	25-02-2023	CUST184	Female	57	Beauty	2	800	1600
795	22-02-2023	CUST080	Male	18	Clothing	1	500	500
796	11-10-2023	CUST003	Female	58	Electronics	3	200	600
797	29-12-2023	CUST053	Female	52	Electronics	1	1500	1500
798	17-11-2023	CUST165	Male	41	Electronics	2	150	300
799	09-07-2023	CUST114	Male	29	Electronics	3	300	900
800	05-05-2023	CUST163	Female	46	Beauty	3	250	750
801	29-11-2023	CUST116	Female	40	Clothing	5	100	500
802	20-06-2023	CUST117	Female	49	Beauty	1	200	200
803	12-01-2023	CUST004	Female	19	Beauty	4	250	1000
804	31-08-2023	CUST061	Male	59	Electronics	1	250	250
805	16-09-2023	CUST186	Male	54	Electronics	4	800	3200
806	17-06-2023	CUST065	Female	52	Clothing	1	300	300
807	08-07-2023	CUST183	Female	25	Clothing	3	500	1500
808	29-03-2023	CUST189	Male	60	Electronics	4	1500	6000
809	14-12-2023	CUST017	Female	29	Electronics	3	100	300
810	27-07-2023	CUST198	Male	59	Beauty	5	200	1000
811	02-11-2023	CUST039	Male	39	Clothing	2	150	300
812	28-03-2023	CUST019	Female	35	Beauty	1	100	100
813	03-08-2023	CUST085	Female	41	Electronics	1	50	50
814	25-07-2023	CUST044	Male	39	Beauty	5	500	2500
815	21-01-2023	CUST008	Female	44	Beauty	1	1500	1500
816	05-09-2023	CUST162	Male	34	Beauty	5	200	1000
817	03-06-2023	CUST008	Female	60	Electronics	2	250	500
818	05-06-2023	CUST032	Female	25	Electronics	1	1000	1000
819	03-10-2023	CUST095	Male	31	Beauty	2	100	200
820	27-04-2023	CUST052	Female	30	Electronics	3	300	900
821	08-09-2023	CUST161	Female	47	Electronics	1	800	800
822	29-07-2023	CUST050	Male	39	Clothing	2	800	1600
823	05-05-2023	CUST130	Male	47	Electronics	4	50	200
824	08-04-2023	CUST068	Female	37	Clothing	4	200	800
825	23-05-2023	CUST088	Male	21	Clothing	4	250	1000
826	23-07-2023	CUST010	Female	60	Clothing	1	200	200
827	22-02-2023	CUST008	Female	38	Clothing	5	200	1000
828	13-04-2023	CUST081	Female	57	Electronics	4	200	800
829	01-06-2023	CUST117	Female	55	Clothing	1	300	300
830	13-08-2023	CUST034	Male	40	Clothing	5	250	1250
831	16-04-2023	CUST066	Male	19	Electronics	5	100	500
832	18-06-2023	CUST086	Male	40	Electronics	1	800	800
833	12-10-2023	CUST120	Male	21	Beauty	1	1500	1500
834	21-10-2023	CUST193	Male	55	Clothing	3	300	900
835	28-10-2023	CUST084	Male	52	Electronics	5	250	1250
836	31-07-2023	CUST017	Female	20	Electronics	4	150	600
837	15-04-2023	CUST189	Male	21	Electronics	2	1500	3000
838	06-05-2023	CUST110	Female	53	Clothing	4	1500	6000
839	13-08-2023	CUST098	Male	23	Clothing	2	100	200
840	19-07-2023	CUST044	Female	43	Electronics	3	500	1500
841	30-11-2023	CUST079	Female	59	Beauty	1	1500	1500
842	05-06-2023	CUST052	Female	56	Beauty	4	500	2000
843	05-03-2023	CUST091	Male	19	Electronics	2	500	1000
844	15-03-2023	CUST091	Male	18	Electronics	3	800	2400
845	05-12-2023	CUST195	Male	34	Beauty	4	50	200
846	18-08-2023	CUST115	Female	34	Electronics	1	1500	1500
847	13-12-2023	CUST002	Male	21	Beauty	1	150	150
848	25-03-2023	CUST154	Male	53	Clothing	1	800	800
849	23-02-2023	CUST121	Male	39	Beauty	4	50	200
850	05-06-2023	CUST030	Female	54	Beauty	4	1500	6000
851	21-02-2023	CUST188	Female	30	Clothing	4	800	3200
852	16-05-2023	CUST047	Male	52	Beauty	1	1000	1000
853	27-02-2023	CUST086	Female	23	Electronics	2	150	300
854	22-11-2023	CUST080	Male	18	Clothing	3	1000	3000
855	03-06-2023	CUST008	Female	42	Beauty	3	50	150
856	08-06-2023	CUST074	Female	18	Electronics	3	200	600
857	04-05-2023	CUST066	Female	23	Electronics	5	800	4000
858	18-05-2023	CUST137	Male	26	Electronics	3	300	900
859	24-07-2023	CUST187	Female	58	Clothing	2	500	1000
860	05-04-2023	CUST037	Female	28	Beauty	1	300	300
861	26-05-2023	CUST044	Female	28	Beauty	5	500	2500
862	03-03-2023	CUST115	Female	25	Electronics	1	250	250
863	25-06-2023	CUST158	Male	46	Beauty	1	1000	1000
864	29-09-2023	CUST034	Male	41	Beauty	3	1500	4500
865	17-05-2023	CUST193	Female	22	Beauty	4	150	600
866	11-01-2023	CUST050	Female	21	Electronics	5	100	500
867	05-08-2023	CUST053	Female	48	Beauty	4	150	600
868	14-10-2023	CUST127	Female	38	Clothing	4	250	1000
869	16-06-2023	CUST095	Female	44	Clothing	5	800	4000
870	25-11-2023	CUST073	Male	59	Clothing	2	300	600
871	15-11-2023	CUST185	Female	47	Clothing	5	200	1000
872	01-01-2023	CUST066	Female	50	Electronics	1	300	300
873	23-10-2023	CUST070	Female	22	Beauty	2	150	300
874	09-01-2023	CUST025	Male	20	Clothing	5	1000	5000
875	26-02-2023	CUST190	Female	42	Clothing	2	800	1600
876	25-06-2023	CUST157	Female	27	Clothing	4	50	200
877	29-06-2023	CUST036	Male	31	Beauty	1	250	250
878	21-11-2023	CUST010	Female	34	Electronics	4	1500	6000
879	15-03-2023	CUST098	Female	46	Beauty	3	500	1500
880	29-12-2023	CUST035	Male	52	Clothing	3	300	900
881	15-01-2023	CUST041	Male	53	Electronics	3	300	900
882	11-07-2023	CUST189	Male	39	Beauty	5	300	1500
883	16-01-2023	CUST119	Male	46	Electronics	1	150	150
884	20-09-2023	CUST102	Male	43	Electronics	2	1000	2000
885	21-11-2023	CUST108	Female	60	Electronics	2	200	400
886	11-01-2023	CUST016	Female	43	Beauty	5	500	2500
887	03-02-2023	CUST129	Male	58	Electronics	5	800	4000
888	11-06-2023	CUST056	Male	19	Beauty	3	50	150
889	28-03-2023	CUST199	Female	33	Electronics	5	150	750
890	18-04-2023	CUST149	Male	56	Electronics	3	800	2400
891	26-04-2023	CUST034	Female	30	Beauty	1	1000	1000
892	15-12-2023	CUST096	Male	58	Clothing	4	150	600
893	26-11-2023	CUST102	Male	57	Beauty	2	250	500
894	14-03-2023	CUST198	Female	19	Beauty	2	100	200
895	24-10-2023	CUST157	Male	25	Clothing	2	500	1000
896	17-04-2023	CUST161	Female	55	Electronics	1	150	150
897	09-06-2023	CUST027	Female	21	Beauty	1	50	50
898	07-11-2023	CUST148	Female	55	Beauty	2	300	600
899	04-07-2023	CUST008	Male	38	Beauty	3	800	2400
900	28-03-2023	CUST143	Female	50	Beauty	3	300	900
901	25-12-2023	CUST012	Female	59	Electronics	3	100	300
902	11-12-2023	CUST154	Male	57	Electronics	3	200	600
903	05-05-2023	CUST192	Female	23	Electronics	3	150	450
904	15-02-2023	CUST184	Male	37	Beauty	1	1500	1500
905	28-10-2023	CUST129	Female	60	Beauty	5	150	750
906	24-12-2023	CUST054	Female	57	Electronics	4	100	400
907	01-05-2023	CUST011	Female	31	Clothing	5	1000	5000
908	11-10-2023	CUST165	Male	20	Electronics	4	1500	6000
909	23-03-2023	CUST040	Male	50	Beauty	1	100	100
910	21-05-2023	CUST179	Female	56	Electronics	2	1500	3000
911	21-10-2023	CUST074	Female	37	Beauty	5	200	1000
912	01-10-2023	CUST176	Male	34	Electronics	5	800	4000
913	15-02-2023	CUST021	Female	25	Clothing	2	100	200
914	07-04-2023	CUST032	Male	35	Clothing	2	100	200
915	11-01-2023	CUST099	Female	48	Beauty	5	50	250
916	24-03-2023	CUST019	Female	54	Clothing	4	500	2000
917	31-12-2023	CUST042	Female	23	Clothing	2	50	100
918	12-12-2023	CUST090	Male	60	Clothing	3	1500	4500
919	20-08-2023	CUST164	Male	50	Electronics	4	500	2000
920	18-06-2023	CUST082	Female	44	Clothing	1	800	800
921	14-06-2023	CUST120	Female	33	Beauty	1	500	500
922	03-08-2023	CUST200	Male	18	Electronics	1	200	200
923	27-12-2023	CUST044	Male	45	Electronics	4	500	2000
924	24-04-2023	CUST109	Male	34	Clothing	5	800	4000
925	15-09-2023	CUST103	Male	19	Electronics	5	1500	7500
926	24-11-2023	CUST129	Male	60	Clothing	1	1000	1000
927	18-04-2023	CUST125	Male	24	Clothing	2	300	600
928	13-05-2023	CUST061	Male	46	Electronics	4	1500	6000
929	18-06-2023	CUST095	Female	35	Clothing	2	1500	3000
930	19-10-2023	CUST038	Female	59	Beauty	3	100	300
931	12-06-2023	CUST147	Male	38	Beauty	3	150	450
932	10-07-2023	CUST051	Male	35	Beauty	3	100	300
933	06-11-2023	CUST149	Male	58	Clothing	1	1500	1500
934	31-05-2023	CUST146	Male	38	Clothing	5	200	1000
935	04-11-2023	CUST076	Male	28	Beauty	1	500	500
936	04-11-2023	CUST180	Female	31	Electronics	2	300	600
937	01-07-2023	CUST153	Female	32	Clothing	4	1500	6000
938	04-11-2023	CUST066	Female	18	Clothing	3	100	300
939	13-08-2023	CUST049	Female	23	Clothing	2	200	400
940	23-06-2023	CUST093	Female	36	Clothing	4	150	600
941	17-01-2023	CUST002	Male	53	Clothing	4	200	800
942	04-01-2023	CUST033	Female	21	Electronics	3	50	150
943	26-06-2023	CUST029	Male	41	Clothing	1	1500	1500
944	21-03-2023	CUST024	Male	48	Clothing	5	200	1000
945	19-07-2023	CUST136	Female	32	Clothing	5	50	250
946	10-12-2023	CUST148	Male	56	Electronics	1	800	800
947	04-09-2023	CUST108	Male	34	Beauty	5	100	500
948	29-05-2023	CUST200	Female	38	Beauty	4	500	2000
949	06-04-2023	CUST197	Female	59	Clothing	1	150	150
950	12-03-2023	CUST086	Female	46	Electronics	4	250	1000
951	16-06-2023	CUST093	Male	48	Electronics	2	100	200
952	23-06-2023	CUST094	Male	52	Clothing	1	1000	1000
953	21-08-2023	CUST115	Male	37	Electronics	2	1000	2000
954	10-04-2023	CUST103	Male	41	Beauty	1	500	500
955	05-06-2023	CUST147	Male	26	Clothing	3	100	300
956	16-03-2023	CUST151	Female	30	Clothing	5	1000	5000
957	15-03-2023	CUST032	Female	57	Clothing	1	100	100
958	17-03-2023	CUST172	Male	49	Electronics	2	800	1600
959	27-03-2023	CUST118	Male	22	Clothing	3	150	450
960	03-07-2023	CUST024	Female	55	Electronics	2	300	600
961	27-12-2023	CUST135	Female	36	Clothing	5	300	1500
962	22-08-2023	CUST032	Female	37	Clothing	2	800	1600
963	13-03-2023	CUST004	Male	49	Beauty	1	1000	1000
964	18-10-2023	CUST103	Male	33	Clothing	3	300	900
965	09-11-2023	CUST083	Male	53	Electronics	1	100	100
966	02-06-2023	CUST013	Male	48	Electronics	5	1000	5000
967	10-06-2023	CUST068	Male	36	Clothing	1	1500	1500
968	08-06-2023	CUST024	Male	32	Clothing	5	300	1500
969	24-09-2023	CUST095	Male	28	Beauty	3	50	150
970	30-07-2023	CUST043	Male	36	Electronics	2	800	1600
971	26-12-2023	CUST093	Female	60	Clothing	3	500	1500
972	19-09-2023	CUST176	Female	22	Electronics	2	50	100
973	28-10-2023	CUST200	Male	45	Clothing	3	150	450
974	06-06-2023	CUST103	Female	38	Electronics	4	800	3200
975	20-04-2023	CUST004	Male	47	Beauty	1	50	50
976	02-04-2023	CUST057	Male	42	Beauty	4	300	1200
977	06-07-2023	CUST054	Male	30	Beauty	5	1500	7500
978	12-04-2023	CUST093	Female	18	Electronics	5	100	500
979	20-02-2023	CUST199	Female	52	Clothing	2	300	600
980	31-01-2023	CUST183	Female	46	Beauty	1	1500	1500
981	25-01-2023	CUST171	Female	21	Clothing	5	1000	5000
982	11-03-2023	CUST126	Female	46	Electronics	2	800	1600
983	11-06-2023	CUST188	Female	41	Beauty	1	200	200
984	21-04-2023	CUST173	Female	52	Clothing	1	1500	1500
985	01-03-2023	CUST148	Male	42	Clothing	2	500	1000
986	11-05-2023	CUST149	Female	59	Clothing	1	250	250
987	06-06-2023	CUST159	Female	37	Electronics	4	200	800
988	22-05-2023	CUST136	Female	37	Beauty	4	1000	4000
989	24-08-2023	CUST036	Male	53	Clothing	4	150	600
990	08-05-2023	CUST016	Male	41	Beauty	3	250	750
991	19-02-2023	CUST116	Female	30	Electronics	5	1500	7500
992	13-08-2023	CUST173	Male	36	Beauty	2	200	400
993	28-04-2023	CUST141	Female	51	Electronics	5	50	250
994	04-10-2023	CUST071	Male	46	Electronics	4	150	600
995	11-09-2023	CUST102	Female	50	Electronics	5	1000	5000
996	22-03-2023	CUST117	Male	19	Clothing	2	500	1000
997	04-05-2023	CUST109	Female	34	Electronics	1	1000	1000
998	03-10-2023	CUST129	Male	43	Beauty	2	1500	3000
999	21-12-2023	CUST114	Male	29	Electronics	3	100	300
1000	26-01-2023	CUST113	Female	40	Beauty	3	200	600
